<?xml version="1.0" encoding="UTF-8"?>
<component name="VistaPersonalizada" extends="Group" >
    <interface>
        <field id="text" type="string" alias="Label.text"/>
    </interface>
    <script type = "text/brightscript" uri="pkg:/components/NonSGDEX/VistaPersonalizada/VistaPersonalizada.brs"/>
    <children>
        <Group id="container">
            <Label id="Label"/>
             <Button id="btn" text="Push Me" translation ="[100,100]"/>
        </Group>
    </children>
</component>